Date;Brent Spot Price (U.S. Dollars per Barrel);WTI Spot Price (U.S. Dollars per Barrel)
2021-11-26;72.37;
2020-01-20;64.63;
2017-07-04;49.15;
2017-01-16;54.3;
2021-11-17;80.67;78.32
2021-11-15;81.94;80.85
2021-11-09;84.52;84.12
2021-10-19;85.02;83.19
2021-10-01;79.4;76.01
2021-09-29;77.86;75.06
2021-09-27;78.85;75.54
2021-09-22;75.5;72.37
2021-09-20;73.59;70.41
2021-09-10;72.44;69.82
2021-09-03;73.07;69.34
2021-08-24;71.21;67.5
2021-08-23;69.07;65.65
2021-08-18;68.61;65.36
2021-08-12;71.79;69.12
2021-08-10;71.14;68.33
2021-08-03;73.24;70.64
2021-08-02;73.91;71.31
2021-07-21;72.54;70.26
2021-07-16;74.46;71.76
2021-07-07;74.31;72.22
2021-07-01;76.69;75.33
2021-06-23;75.22;73.11
2021-06-22;74.92;73.15
2021-06-16;73.88;72.03
2021-06-14;72.27;70.94
2021-06-09;71.31;69.9
2021-06-07;70.89;69.21
2021-05-24;68.59;66.13
2021-04-30;67.73;63.5
2021-04-26;65.5;62.02
2021-04-20;65.34;62.61
2021-04-16;65.98;63.16
2021-04-13;62.83;60.2
2021-04-09;61.89;59.29
2021-04-06;61.47;59.34
2021-03-19;64.0;61.43
2021-03-09;67.03;64.02
2021-03-05;69.95;66.08
2021-03-04;67.32;63.81
2021-02-18;64.09;60.4
2021-01-29;55.25;52.16
2021-01-21;55.68;53.0
2021-01-13;55.52;52.81
2021-01-05;53.16;49.78
2020-12-23;51.05;47.94
2020-12-15;50.77;47.58
2020-12-10;50.33;46.76
2020-12-04;49.1;46.23
2020-12-03;48.37;45.65
2020-11-18;42.91;41.64
2020-11-13;41.51;39.93
2020-11-12;42.16;40.9
2020-11-11;42.5;41.23
2020-11-10;42.25;41.18
2020-11-04;39.68;38.97
2020-11-03;38.17;37.44
2020-10-29;36.56;35.94
2020-10-06;41.27;40.52
2020-09-25;40.91;40.06
2020-09-15;39.54;38.29
2020-09-08;38.53;36.87
2020-09-02;42.7;42.76
2020-08-28;45.22;42.96
2020-08-17;44.91;42.89
2020-08-05;44.92;42.25
2020-08-03;43.76;40.83
2020-07-23;42.96;40.99
2020-07-21;44.31;41.76
2020-07-16;43.71;40.74
2020-07-08;43.67;40.91
2020-06-24;40.4;37.91
2020-06-19;42.33;39.72
2020-06-08;39.66;38.17
2020-06-01;36.74;35.49
2020-05-29;34.15;35.57
2020-05-15;30.95;29.44
2020-05-11;25.53;24.02
2020-05-06;24.2;23.88
2020-04-28;15.6;12.4
2020-04-22;13.77;13.64
2020-04-20;17.36;-36.98
2020-04-03;24.33;28.36
2020-04-02;20.24;25.18
2020-03-24;24.5;21.03
2020-02-28;51.31;44.83
2020-02-24;56.71;51.36
2020-02-14;57.37;52.03
2020-02-04;53.9;49.59
2020-01-30;57.72;52.19
2020-01-29;59.46;53.29
2020-01-27;58.54;53.09
2020-01-15;63.29;57.86
2020-01-14;64.45;58.34
2020-01-08;67.31;59.65
2020-01-03;69.08;63.0
2019-11-29;64.5;58.12
2019-11-26;64.82;58.25
2019-10-25;62.06;56.52
2019-10-04;59.13;52.84
2019-09-17;65.59;59.26
2019-09-06;61.28;56.45
2019-08-29;60.59;56.67
2019-08-22;59.81;55.33
2019-08-19;59.79;56.24
2019-08-15;57.37;54.51
2019-08-08;56.29;52.6
2019-07-17;63.67;56.5
2019-07-15;66.86;59.3
2019-07-10;66.41;60.28
2019-07-08;64.89;57.35
2019-07-01;65.1;58.91
2019-06-27;66.78;59.18
2019-06-12;61.66;51.13
2019-06-03;63.16;53.25
2019-05-21;72.94;63.02
2019-05-20;73.21;63.12
2019-05-10;71.63;61.65
2019-05-09;70.61;61.58
2019-05-07;70.98;61.41
2019-04-12;71.57;63.86
2019-04-10;71.63;64.62
2019-03-28;66.08;59.29
2019-03-25;67.37;58.71
2019-03-21;68.3;59.98
2019-03-14;66.18;58.59
2019-02-28;65.03;57.21
2019-02-18;66.41;55.58
2019-02-15;65.65;55.58
2019-02-14;64.0;54.4
2019-01-30;61.89;54.18
2019-01-14;58.8;50.31
2019-01-10;60.47;52.42
2019-01-08;56.91;49.58
2018-12-28;50.57;45.15
2018-12-19;55.6;47.96
2018-12-18;55.26;46.12
2018-12-14;58.56;51.26
2018-11-27;59.58;51.31
2018-11-20;61.5;53.39
2018-11-07;70.1;61.69
2018-11-06;70.64;62.16
2018-10-22;80.45;69.25
2018-10-08;84.22;74.27
2018-10-02;85.63;75.16
2018-09-28;82.72;73.16
2018-09-26;81.87;72.22
2018-09-25;82.21;73.4
2018-09-20;79.03;70.77
2018-09-13;77.66;68.6
2018-09-10;76.77;67.55
2018-08-03;72.48;68.49
2018-07-30;74.99;71.19
2018-07-25;73.67;71.13
2018-07-12;72.11;70.28
2018-07-02;76.71;73.89
2018-06-18;74.87;65.91
2018-06-15;72.02;65.01
2018-06-14;74.77;66.91
2018-06-12;74.86;66.38
2018-06-11;74.58;66.1
2018-06-05;72.91;65.51
2018-05-24;78.9;70.77
2018-05-18;78.38;71.23
2018-05-11;77.37;70.69
2018-05-10;77.59;71.36
2018-05-07;74.75;70.74
2018-05-04;74.75;69.71
2018-04-30;75.92;68.56
2018-04-25;73.79;68.0
2018-04-24;75.86;67.66
2018-04-17;71.71;66.5
2018-04-16;73.18;66.23
2018-04-12;71.44;67.07
2018-04-10;70.67;65.48
2018-04-06;66.51;62.03
2018-03-19;64.82;62.01
2018-03-15;63.67;61.16
2018-03-14;63.61;60.89
2018-03-08;63.87;60.13
2018-03-05;65.78;62.49
2018-02-28;66.08;61.43
2018-02-23;67.04;63.52
2018-02-14;62.29;60.7
2018-02-09;63.04;59.2
2018-02-08;64.26;61.3
2018-02-01;68.6;65.92
2018-01-31;67.78;64.82
2018-01-05;68.01;61.49
2017-12-07;62.37;56.5
2017-12-05;63.45;57.66
2017-12-04;63.45;57.48
2017-11-29;63.74;57.25
2017-11-17;61.34;56.21
2017-11-16;61.18;55.14
2017-11-07;64.36;57.19
2017-11-06;64.27;57.34
2017-11-02;60.79;54.55
2017-10-31;61.35;54.36
2017-10-17;57.63;51.87
2017-10-11;56.13;51.3
2017-10-02;55.67;50.59
2017-09-25;59.42;51.85
2017-09-20;57.2;50.29
2017-09-14;56.76;49.86
2017-09-13;55.52;49.3
2017-09-07;54.16;49.1
2017-09-05;53.63;48.63
2017-08-28;51.87;46.4
2017-08-18;50.96;48.59
2017-08-14;51.29;47.59
2017-08-07;51.42;49.37
2017-08-04;52.48;49.57
2017-08-02;52.09;49.6
2017-07-31;51.99;50.21
2017-07-24;47.81;46.21
2017-07-20;48.54;46.73
2017-07-10;46.57;44.4
2017-06-27;46.17;44.25
2017-06-22;44.46;42.53
2017-06-06;48.11;48.13
2017-06-05;48.25;47.4
2017-05-31;49.4;48.29
2017-05-19;52.78;50.32
2017-05-09;47.06;45.84
2017-05-05;47.45;46.23
2017-04-20;50.66;50.26
2017-04-19;52.43;50.49
2017-04-12;54.75;53.12
2017-04-10;54.79;53.06
2017-04-05;53.41;51.14
2017-03-27;50.12;47.02
2017-03-10;50.63;48.05
2017-03-08;53.3;49.83
2017-03-07;54.61;52.68
2017-03-02;54.16;52.63
2017-02-28;53.36;54.0
2017-02-15;54.57;53.11
2017-02-01;55.79;53.9
2017-01-24;54.7;52.38
2017-01-10;53.2;50.82
2016-12-28;53.93;54.01
2016-12-20;54.56;52.22
2016-12-15;51.72;50.9
2016-12-05;53.3;51.72
2016-11-29;44.68;45.29
2016-11-16;45.07;45.56
2016-11-09;43.88;45.2
2016-11-04;43.06;44.07
2016-11-02;44.26;45.32
2016-10-19;51.85;51.59
2016-10-14;48.87;50.35
2016-09-08;49.23;47.63
2016-09-05;46.72;44.39
2016-09-01;45.05;43.17
2016-08-08;43.24;43.06
2016-07-28;41.87;41.13
2016-07-26;43.56;42.16
2016-07-25;43.76;42.4
2016-07-18;45.35;45.23
2016-07-15;46.25;45.93
2016-07-08;44.53;45.37
2016-07-06;45.7;47.37
2016-06-29;48.4;49.85
2016-06-17;46.57;48.0
2016-06-14;47.88;48.49
2016-06-03;48.5;48.69
2016-06-02;49.05;49.14
2016-06-01;48.81;49.07
2016-05-24;48.42;48.04
2016-05-20;48.54;47.67
2016-05-18;48.93;48.12
2016-05-05;44.39;44.33
2016-05-04;43.08;43.77
2016-04-27;44.17;45.29
2016-04-22;43.97;42.76
2016-04-20;43.09;42.72
2016-04-06;37.77;37.74
2016-04-05;35.88;34.52
2016-03-23;38.84;38.28
2016-03-21;39.91;39.91
2016-03-16;38.38;38.43
2016-03-10;38.63;37.77
2016-02-29;35.92;32.74
2016-02-24;31.5;30.35
2016-02-19;31.66;29.59
2016-02-18;33.2;30.77
2016-02-08;31.64;29.71
2016-02-05;32.35;30.86
2016-02-04;32.76;31.63
2016-02-03;32.38;32.29
2016-02-01;32.45;31.62
2016-01-29;33.14;33.66
2016-01-25;29.82;30.31
2016-01-21;27.59;29.55
2016-01-13;28.58;30.42
2016-01-06;33.89;33.97
2015-12-31;36.61;37.13
2015-12-29;36.85;37.88
2015-12-28;37.08;36.36
2015-12-25;37.08;37.6
2015-12-23;35.79;36.76
2015-12-09;39.04;37.16
2015-12-07;39.69;37.64
2015-12-02;41.92;39.93
2015-11-30;43.73;40.43
2015-11-24;44.38;40.89
2015-11-18;41.45;40.75
2015-11-02;47.91;46.12
2015-10-27;45.54;43.21
2015-09-30;47.29;45.06
2015-09-28;46.04;44.4
2015-09-14;45.87;44.07
2015-08-26;41.76;38.5
2015-08-19;45.75;40.75
2015-08-13;48.01;42.27
2015-08-12;48.29;43.22
2015-07-15;57.34;51.4
2015-06-26;60.14;59.41
2015-06-05;60.36;59.11
2015-05-11;62.82;59.23
2015-04-20;61.2;56.37
2015-04-14;57.69;53.3
2015-04-01;55.73;50.12
2015-12-16;36.96;35.55
2015-11-09;45.38;43.87
2015-10-05;49.45;46.28
2015-09-25;47.28;45.55
2015-09-04;48.59;46.02
2015-09-03;50.41;46.75
2015-08-25;41.86;39.15
2015-07-31;53.29;47.11
2015-07-08;55.7;51.61
2015-06-10;64.68;61.36
2015-05-19;63.48;57.3
2015-04-28;62.61;57.05
2015-04-23;62.66;56.59
2015-04-02;55.73;49.13
2015-11-16;40.28;41.68
2015-09-18;47.28;44.71
2015-09-16;49.35;47.12
2015-09-11;46.87;44.75
2015-08-28;47.97;45.29
2015-08-07;47.54;43.87
2015-08-05;49.04;45.13
2015-07-22;56.36;49.27
2015-06-16;60.75;60.01
2015-06-11;63.76;60.74
2015-05-18;65.15;59.44
2015-04-21;60.12;55.58
2015-04-06;55.73;52.08
2020-11-26;46.32;
2018-01-15;70.31;
2016-07-04;48.02;
2021-11-24;82.37;78.32
2021-11-18;82.45;78.92
2021-11-05;82.43;81.25
2021-10-20;85.76;84.4
2021-10-14;83.86;81.43
2021-10-07;82.34;78.46
2021-09-16;75.14;72.69
2021-08-26;70.42;67.42
2021-08-17;69.4;66.5
2021-07-30;77.72;73.93
2021-07-14;75.74;73.06
2021-07-12;76.77;74.21
2021-07-08;75.07;72.98
2021-06-04;71.3;69.57
2021-05-28;69.36;66.31
2021-05-27;69.43;66.87
2021-05-25;68.8;66.27
2021-05-18;69.01;65.49
2021-04-21;64.02;61.34
2021-04-14;66.11;63.15
2021-04-12;62.38;59.7
2021-03-22;63.89;61.48
2021-03-03;64.7;61.33
2021-03-02;63.17;59.7
2021-02-25;66.69;63.43
2021-02-11;61.09;58.22
2021-02-09;60.74;58.34
2021-02-04;58.98;56.19
2021-01-27;55.07;52.81
2021-01-25;55.44;52.78
2021-01-11;54.84;52.15
2020-12-30;50.74;48.24
2020-12-29;50.44;47.85
2020-11-25;47.3;45.58
2020-11-23;45.0;42.91
2020-11-02;37.78;36.6
2020-10-26;39.06;38.39
2020-10-23;40.71;39.73
2020-10-12;40.5;39.22
2020-10-09;41.63;40.44
2020-10-05;39.78;39.12
2020-10-02;38.0;36.9
2020-10-01;39.75;38.51
2020-09-30;40.3;40.05
2020-09-24;41.24;40.11
2020-09-23;41.09;39.92
2020-09-22;40.84;39.55
2020-09-21;40.37;39.26
2020-09-18;42.16;41.09
2020-09-14;38.57;37.23
2020-09-11;38.8;37.33
2020-09-09;39.98;38.05
2020-08-25;46.01;43.17
2020-08-21;43.94;42.32
2020-08-20;44.56;42.62
2020-08-07;44.07;41.16
2020-07-31;43.13;40.1
2020-07-29;43.51;41.13
2020-07-28;43.11;40.89
2020-07-24;43.29;41.23
2020-07-06;42.73;40.51
2020-07-02;43.19;40.57
2020-06-25;41.18;38.66
2020-06-18;41.75;38.79
2020-06-17;40.47;37.91
2020-06-16;40.75;38.26
2020-05-27;32.73;32.8
2020-05-22;33.8;33.49
2020-05-18;33.3;31.83
2020-05-07;24.23;23.68
2020-05-01;18.49;19.72
2020-04-29;17.86;15.04
2020-04-27;15.17;12.17
2020-04-21;9.12;8.91
2020-04-14;21.74;20.15
2020-04-09;20.23;22.9
2020-04-08;25.22;24.97
2020-03-27;22.39;15.48
2020-03-17;27.97;26.96
2020-03-10;35.57;34.47
2020-02-27;52.19;47.17
2020-02-25;55.29;49.78
2020-02-12;55.54;51.13
2020-02-07;54.53;50.34
2020-01-21;63.66;58.25
2020-01-06;70.25;63.27
2019-12-31;67.77;61.14
2019-12-23;67.49;60.51
2019-12-12;66.67;59.18
2019-12-06;66.5;59.2
2019-12-05;65.67;58.42
2019-12-03;62.95;56.15
2019-11-27;65.03;58.12
2019-11-22;64.83;57.68
2019-11-19;62.37;54.93
2019-11-11;62.58;56.61
2019-11-08;62.0;57.02
2019-11-05;62.72;57.04
2019-10-24;61.71;56.11
2019-10-23;60.52;55.9
2019-10-22;60.5;54.21
2019-10-21;58.95;53.28
2019-10-16;59.3;53.42
2019-10-10;59.08;53.57
2019-10-07;59.46;52.76
2019-10-03;58.01;52.41
2019-10-02;57.92;52.67
2019-09-26;62.08;56.24
2019-09-24;64.13;57.22
2019-09-03;57.93;53.91
2019-09-02;58.55;55.07
2019-08-26;58.64;53.54
2019-08-12;57.13;54.98
2019-08-02;61.12;55.67
2019-07-30;62.55;58.04
2019-07-24;63.83;55.9
2019-07-09;64.3;57.57
2019-07-02;62.72;56.0
2019-06-26;66.85;59.17
2019-06-24;65.16;57.73
2019-06-19;62.85;53.74
2019-06-17;62.56;51.94
2019-06-11;63.56;53.3
2019-05-28;70.19;58.91
2019-05-13;72.35;60.97
2019-05-08;71.09;62.13
2019-04-30;72.19;63.83
2019-04-26;71.03;63.29
2019-04-15;70.9;63.43
2019-04-04;69.8;62.12
2019-04-01;69.08;61.59
2019-03-06;64.51;56.22
2019-03-05;64.24;56.55
2019-02-26;64.51;55.4
2019-02-22;66.91;57.01
2019-02-13;63.27;53.84
2019-02-06;62.22;53.94
2019-02-05;61.67;53.69
2019-02-04;62.26;54.57
2019-01-25;61.49;53.53
2019-01-23;61.05;52.44
2019-01-15;58.65;51.8
2019-01-09;59.46;52.19
2019-01-07;57.1;48.27
2018-12-26;;46.04
2018-12-20;52.84;45.64
2018-11-30;57.71;50.78
2018-11-28;57.97;50.06
2018-11-26;59.7;51.46
2018-11-19;64.14;57.16
2018-11-15;65.61;56.45
2018-11-13;65.45;55.63
2018-11-01;71.25;63.67
2018-10-18;80.3;68.63
2018-10-17;79.91;69.63
2018-10-15;80.91;71.84
2018-09-27;81.54;72.18
2018-09-11;78.22;69.29
2018-09-06;75.67;67.81
2018-09-04;77.51;69.82
2018-08-24;74.41;69.71
2018-08-06;72.51;69.01
2018-07-31;74.16;69.88
2018-07-27;74.84;68.66
2018-07-19;71.94;69.42
2018-07-13;74.11;71.03
2018-06-19;74.92;65.09
2018-06-13;75.07;66.63
2018-06-04;73.41;64.76
2018-06-01;74.54;65.81
2018-05-31;76.45;66.98
2018-05-30;75.89;68.24
2018-05-29;74.51;66.8
2018-05-23;78.69;71.85
2018-05-15;78.94;71.34
2018-05-08;74.16;68.83
2018-05-03;73.45;68.45
2018-05-02;73.14;67.91
2018-04-26;75.39;68.18
2018-04-20;74.62;68.26
2018-04-18;73.73;68.44
2018-04-11;72.74;66.81
2018-03-28;68.13;64.3
2018-03-23;69.03;65.8
2018-03-20;66.0;63.37
2018-03-09;65.19;62.02
2018-02-20;64.68;61.91
2018-02-16;64.3;61.89
2018-02-06;66.75;63.48
2018-02-05;67.69;64.18
2018-01-16;69.4;63.82
2018-01-02;66.65;60.37
2017-12-28;66.8;59.84
2017-12-22;64.61;58.25
2017-12-21;64.64;58.34
2017-12-14;63.72;57.0
2017-12-12;64.96;57.12
2017-12-11;65.62;57.84
2017-11-27;63.25;58.1
2017-11-22;62.92;57.88
2017-10-23;57.69;51.91
2017-10-19;57.82;51.29
2017-10-06;55.5;49.34
2017-10-04;56.0;50.0
2017-09-26;59.77;51.59
2017-09-21;57.73;50.58
2017-09-15;56.18;49.9
2017-08-30;51.91;45.96
2017-08-29;51.64;46.46
2017-08-23;52.31;48.45
2017-08-21;51.94;47.39
2017-08-01;50.77;49.19
2017-07-19;48.34;47.1
2017-07-13;47.65;46.06
2017-06-13;46.95;46.41
2017-06-12;47.18;46.1
2017-06-01;50.41;48.32
2017-05-26;50.84;49.58
2017-05-23;53.19;51.12
2017-05-11;49.18;47.81
2017-04-28;49.46;49.31
2017-04-27;49.46;48.96
2017-04-11;54.73;53.38
2017-04-06;53.62;51.69
2017-04-04;53.08;50.99
2017-03-30;52.25;50.3
2017-03-16;50.56;48.3
2017-03-15;50.63;48.34
2017-03-03;54.12;53.33
2017-02-17;54.48;53.41
2017-02-13;54.15;52.96
2017-02-07;53.79;52.19
2017-01-30;54.77;52.63
2017-01-09;54.39;51.95
2017-01-06;55.9;53.98
2016-12-30;54.96;53.75
2016-12-27;53.93;52.82
2016-12-23;53.93;52.01
2016-12-21;53.01;51.44
2016-12-14;53.15;51.01
2016-12-08;51.6;50.84
2016-12-07;51.9;49.85
2016-11-23;46.54;46.72
2016-11-17;44.57;45.37
2016-10-31;46.2;46.83
2016-10-21;50.28;50.61
2016-10-20;50.42;50.31
2016-10-06;50.14;50.44
2016-10-05;49.57;49.75
2016-09-29;48.43;47.72
2016-09-22;47.21;46.1
2016-09-21;45.99;45.33
2016-09-19;46.04;43.34
2016-09-14;45.65;43.62
2016-09-02;45.96;44.39
2016-08-30;47.94;46.32
2016-08-29;49.66;46.97
2016-08-25;49.25;46.97
2016-08-22;48.1;46.8
2016-08-15;47.31;45.72
2016-08-11;44.23;43.51
2016-08-05;42.47;41.83
2016-07-27;42.78;41.9
2016-07-14;46.01;45.64
2016-07-12;46.72;46.82
2016-07-07;45.93;45.22
2016-07-01;47.65;49.02
2016-06-27;45.07;45.8
2016-06-06;48.94;49.71
2016-05-25;48.87;49.1
2016-05-23;47.77;48.12
2016-05-13;47.05;46.22
2016-04-26;43.94;42.52
2016-04-21;43.48;43.18
2016-04-14;43.02;41.45
2016-04-12;43.02;42.12
2016-03-28;38.33;37.99
2016-03-22;40.54;41.45
2016-03-14;38.06;37.2
2016-03-07;39.02;37.9
2016-03-04;37.61;35.91
2016-03-02;36.38;34.57
2016-02-22;33.59;31.37
2016-01-28;33.01;33.21
2016-01-19;27.36;28.47
2016-01-05;35.56;35.97
2015-11-26;43.55;41.22
2015-11-17;41.28;40.73
2015-10-06;51.34;48.53
2015-09-21;47.64;46.67
2015-09-15;45.91;44.58
2015-09-09;48.04;44.13
2015-09-01;48.8;45.38
2015-08-11;47.33;43.11
2015-08-10;48.3;44.94
2015-07-17;56.38;50.88
2015-06-23;61.67;61.05
2015-06-08;61.33;58.15
2015-05-20;63.52;58.96
2015-04-10;56.82;51.63
2021-11-25;82.05;
2020-11-27;46.88;
2020-09-07;40.67;
2019-11-28;64.68;
2018-11-23;57.69;
2018-02-19;64.95;
2017-11-23;63.27;
2017-07-03;49.13;
2015-07-03;59.06;
2021-11-29;73.34;69.88
2021-11-22;80.97;76.74
2021-11-19;80.24;76.11
2021-11-16;82.85;80.76
2021-11-12;82.9;80.87
2021-11-02;84.42;83.91
2021-11-01;84.51;84.08
2021-10-27;84.12;82.66
2021-10-21;84.58;82.64
2021-10-15;84.67;82.39
2021-10-11;83.75;80.64
2021-10-08;82.17;79.55
2021-10-06;81.39;77.66
2021-10-05;82.72;79.17
2021-09-30;77.81;75.22
2021-09-01;71.99;68.63
2021-08-27;72.26;68.84
2021-08-25;72.12;68.54
2021-08-16;70.07;67.44
2021-08-05;72.14;69.1
2021-07-29;76.3;73.62
2021-07-28;75.09;72.37
2021-07-20;70.03;67.32
2021-07-09;77.14;74.56
2021-06-30;76.94;73.52
2021-06-25;76.45;74.21
2021-06-24;75.95;73.31
2021-06-02;70.6;68.79
2021-06-01;70.03;67.8
2021-05-31;;66.31
2021-05-13;67.36;63.82
2021-05-06;68.62;64.73
2021-05-05;69.71;65.63
2021-05-03;67.73;64.46
2021-04-27;66.25;63.03
2021-04-23;65.75;62.18
2021-04-19;66.54;63.33
2021-04-07;61.86;59.77
2021-03-31;63.52;59.19
2021-03-30;63.28;60.55
2021-03-25;61.21;58.47
2021-03-24;63.7;61.12
2021-03-18;62.11;59.95
2021-03-11;69.34;66.02
2021-02-17;65.02;61.09
2021-02-12;62.47;59.5
2021-02-10;61.17;58.69
2021-01-20;55.66;53.16
2021-01-19;55.38;52.87
2020-12-22;49.88;47.02
2020-12-08;48.84;45.64
2020-12-02;47.8;45.23
2020-11-24;46.63;44.71
2020-11-20;43.79;41.99
2020-11-09;40.93;40.05
2020-11-06;38.08;36.97
2020-11-05;39.47;38.56
2020-10-30;36.33;35.64
2020-10-22;41.28;40.46
2020-10-20;41.62;41.37
2020-10-19;41.29;40.69
2020-10-14;41.81;40.86
2020-10-08;42.0;41.04
2020-09-29;40.33;39.03
2020-09-17;42.35;40.99
2020-09-16;41.23;40.17
2020-09-10;39.27;37.25
2020-08-04;43.99;41.67
2020-07-27;43.39;41.46
2020-07-20;43.3;40.83
2020-07-07;43.28;40.59
2020-06-29;41.58;39.67
2020-06-15;39.44;37.07
2020-06-12;38.54;36.24
2020-06-11;37.76;36.43
2020-06-10;41.18;39.54
2020-06-09;40.45;38.98
2020-06-03;37.98;37.33
2020-05-26;33.95;34.7
2020-05-20;34.76;33.56
2020-05-14;29.87;27.4
2020-05-13;27.89;25.37
2020-05-05;25.46;24.56
2020-04-24;15.87;15.99
2020-03-23;23.75;23.33
2020-03-20;25.55;19.48
2020-03-19;23.98;25.09
2020-03-18;22.79;20.48
2020-03-13;32.25;31.72
2020-02-20;59.57;53.77
2020-02-17;57.83;52.03
2020-02-10;53.39;49.59
2020-01-28;59.37;53.33
2020-01-13;64.14;58.17
2020-01-10;66.77;59.02
2019-12-30;68.3;61.66
2019-12-20;68.66;60.43
2019-12-17;68.99;60.88
2019-12-10;66.57;59.22
2019-12-09;66.44;58.99
2019-11-21;64.99;58.36
2019-11-07;62.6;56.91
2019-11-04;62.52;56.33
2019-11-01;60.17;56.04
2019-10-30;60.22;54.85
2019-10-18;59.96;53.75
2019-10-17;59.35;53.89
2019-10-15;59.19;52.81
2019-10-14;58.81;53.57
2019-10-01;60.06;53.6
2019-09-27;62.48;55.95
2019-09-23;64.66;58.69
2019-09-20;65.23;57.92
2019-09-12;60.76;55.13
2019-09-10;64.67;57.37
2019-09-05;62.7;56.33
2019-09-04;60.68;56.22
2019-08-23;58.64;54.08
2019-08-21;60.6;55.65
2019-08-20;59.03;56.18
2019-08-13;59.9;57.05
2019-08-05;59.32;54.63
2019-07-31;64.07;58.53
2019-07-26;62.46;56.04
2019-07-19;61.04;55.42
2019-07-18;60.7;55.08
2019-07-12;66.65;59.99
2019-07-03;63.53;57.06
2019-06-07;64.1;53.95
2019-06-05;62.14;51.57
2019-05-31;66.78;53.49
2019-05-17;73.94;62.77
2019-05-02;70.56;61.75
2019-04-24;73.59;65.96
2019-04-05;69.93;63.1
2019-03-29;67.93;60.19
2019-03-22;66.29;58.87
2019-03-19;67.13;59.12
2019-03-15;66.11;58.51
2019-03-12;65.33;56.89
2019-03-11;65.06;56.79
2019-03-07;64.82;56.6
2019-02-27;65.55;56.92
2019-02-21;66.91;56.95
2019-02-11;61.3;52.43
2019-02-08;61.37;52.75
2019-02-07;61.01;52.68
2019-01-17;59.85;51.83
2019-01-02;54.06;46.31
2018-12-12;59.94;51.04
2018-12-10;60.29;51.07
2018-12-04;61.22;53.21
2018-11-02;71.11;63.12
2018-10-29;77.56;67.0
2018-10-26;77.4;67.58
2018-10-23;78.67;66.49
2018-10-19;80.38;69.16
2018-10-10;83.82;73.18
2018-10-05;85.12;74.26
2018-10-03;85.45;76.4
2018-09-18;79.25;69.87
2018-09-07;75.55;67.73
2018-08-31;76.94;69.84
2018-08-28;75.91;68.54
2018-08-23;73.73;69.13
2018-08-22;72.96;67.85
2018-08-21;71.65;67.32
2018-08-17;70.14;65.93
2018-08-14;70.77;67.04
2018-08-13;70.62;67.25
2018-08-07;72.31;69.17
2018-07-24;73.53;70.77
2018-07-20;71.99;70.31
2018-07-11;75.35;70.47
2018-07-09;77.08;73.93
2018-07-03;75.87;74.19
2018-06-28;76.26;73.45
2018-06-25;72.82;69.91
2018-06-07;75.23;65.96
2018-05-14;78.17;71.01
2018-05-09;77.6;71.16
2018-05-01;74.85;67.28
2018-04-27;75.33;68.11
2018-04-03;69.02;63.41
2018-03-27;68.63;65.21
2018-03-13;64.2;60.69
2018-03-01;64.23;60.98
2018-02-15;62.86;61.48
2018-02-13;61.94;59.33
2018-02-12;62.2;59.41
2018-01-30;67.78;64.64
2018-01-22;69.32;63.66
2018-01-11;70.36;63.81
2018-01-08;68.48;61.73
2017-12-01;64.57;58.35
2017-11-30;63.53;57.4
2017-11-15;61.25;55.28
2017-11-14;60.91;55.67
2017-11-13;62.94;56.77
2017-11-10;64.35;56.75
2017-10-30;60.65;54.11
2017-10-20;57.89;51.63
2017-10-16;57.49;51.86
2017-10-13;56.86;51.43
2017-10-03;56.12;50.44
2017-09-27;58.74;52.14
2017-09-22;58.16;50.33
2017-09-18;55.5;49.88
2017-09-01;53.15;47.32
2017-08-31;52.69;47.26
2017-08-17;50.37;47.07
2017-08-10;52.59;48.54
2017-08-08;52.18;49.07
2017-07-28;52.0;49.72
2017-07-27;50.67;49.05
2017-07-17;47.66;46.02
2017-07-14;47.89;46.53
2017-07-06;48.53;45.52
2017-06-16;45.7;44.73
2017-06-14;45.47;44.79
2017-06-08;46.3;45.68
2017-06-07;47.08;45.8
2017-06-02;48.46;47.68
2017-05-30;50.65;49.63
2017-05-22;53.35;50.81
2017-05-18;51.71;49.36
2017-05-17;51.76;49.04
2017-05-16;51.21;48.64
2017-05-15;51.29;48.86
2017-05-12;49.08;47.83
2017-05-03;48.82;47.79
2017-05-01;50.41;48.83
2017-04-26;49.99;49.22
2017-03-31;52.2;50.54
2017-03-29;51.36;49.47
2017-03-17;50.58;48.34
2017-03-14;49.6;47.24
2017-03-13;50.1;47.95
2017-03-06;54.73;53.19
2017-02-27;54.65;54.04
2017-02-06;55.02;53.01
2017-02-02;55.94;53.55
2017-01-18;53.77;51.12
2017-01-17;54.68;52.45
2017-01-13;54.37;52.36
2017-01-11;53.61;52.19
2017-01-03;55.05;52.36
2016-12-22;54.04;51.98
2016-12-06;52.31;50.95
2016-12-02;52.35;51.7
2016-11-22;46.1;48.07
2016-09-27;44.95;44.65
2016-09-20;45.24;43.85
2016-09-12;47.82;46.28
2016-09-09;48.37;45.88
2016-09-06;46.21;44.85
2016-08-23;48.7;47.54
2016-08-19;49.39;48.48
2016-08-16;48.27;46.57
2016-08-09;43.37;42.78
2016-07-22;44.24;43.41
2016-07-20;45.82;44.96
2016-06-30;48.05;48.27
2016-06-23;48.63;49.34
2016-06-21;48.18;48.95
2016-06-09;50.59;50.52
2016-05-11;46.08;46.21
2016-05-03;43.09;43.65
2016-05-02;45.82;44.75
2016-04-28;45.6;46.03
2016-04-25;42.97;41.67
2016-04-15;41.32;40.4
2016-04-13;42.81;41.7
2016-04-07;37.15;37.3
2016-03-29;36.75;36.91
2016-03-24;38.33;38.14
2016-03-17;39.29;40.17
2016-03-09;40.26;37.62
2016-03-08;39.16;36.67
2016-02-23;31.9;31.84
2016-02-17;33.21;30.68
2016-01-20;26.01;26.68
2016-01-12;29.14;30.42
2016-01-11;30.14;31.42
2016-01-04;36.28;36.81
2015-12-21;35.34;34.55
2015-12-18;36.76;34.72
2015-12-17;36.29;34.98
2015-12-10;38.65;36.76
2015-12-04;41.44;40.0
2015-11-23;43.7;39.27
2015-11-12;44.98;41.74
2015-11-06;46.09;44.32
2015-10-30;48.0;46.6
2015-10-21;46.72;45.22
2015-10-19;47.51;45.91
2015-10-14;48.25;46.63
2015-10-09;52.08;49.67
2015-10-02;46.55;45.54
2015-10-01;47.48;44.75
2015-09-23;48.0;44.53
2015-09-22;46.69;46.17
2015-09-10;47.77;45.85
2015-09-08;48.88;45.92
2015-08-27;44.46;42.47
2015-08-21;43.84;40.45
2015-08-18;47.0;42.58
2015-08-06;47.8;44.69
2015-07-30;54.29;48.53
2015-07-29;54.73;48.77
2015-07-28;54.3;47.97
2015-07-27;54.07;47.17
2015-07-21;55.94;50.59
2015-07-10;57.72;52.74
2015-06-30;60.31;59.48
2015-06-19;59.41;59.62
2015-06-15;60.99;59.53
2015-06-12;63.19;59.96
2015-06-09;63.23;60.15
2015-06-03;62.78;59.67
2015-05-29;63.16;60.25
2015-05-27;61.35;57.51
2015-05-26;61.65;57.29
2015-05-21;64.7;60.18
2015-05-14;65.58;59.89
2015-05-01;64.13;59.1
2015-04-27;62.86;55.56
2015-04-24;62.96;55.98
2015-04-22;60.12;56.17
2015-04-17;61.31;55.71
2015-04-09;56.04;50.79
2015-04-07;57.55;53.95
2015-11-10;46.44;44.23
2015-11-05;47.19;45.27
2015-11-04;46.96;46.32
2015-11-03;48.0;47.88
2015-10-26;46.57;43.19
2015-10-23;46.3;43.91
2015-10-22;46.59;44.9
2015-10-20;46.93;45.84
2015-10-16;48.96;47.3
2015-10-15;47.87;46.38
2015-09-17;48.27;46.93
2015-09-02;47.67;46.3
2015-08-24;41.59;38.22
2015-08-17;47.77;41.93
2015-07-14;57.2;53.05
2015-07-09;57.83;52.76
2015-06-24;61.63;60.01
2015-06-17;60.75;59.89
2015-05-28;60.12;57.69
2015-04-13;57.14;51.95
2015-04-08;56.42;50.44
2021-11-23;83.43;78.32
2021-11-10;82.91;81.23
2021-11-08;83.22;81.96
2021-11-04;80.15;78.88
2021-11-03;81.1;80.82
2021-10-18;84.13;82.62
2021-10-13;83.53;80.67
2021-10-12;83.53;80.75
2021-10-04;81.44;77.68
2021-09-21;73.65;70.51
2021-09-17;74.64;72.09
2021-09-14;73.05;70.53
2021-09-02;73.56;70.07
2021-08-31;73.45;68.43
2021-08-20;65.51;62.25
2021-08-13;70.9;68.36
2021-08-11;71.99;69.3
2021-08-06;71.02;68.26
2021-08-04;70.99;68.19
2021-07-27;74.87;71.68
2021-07-22;74.25;72.15
2021-07-13;77.5;75.24
2021-07-06;75.81;73.62
2021-07-05;78.34;75.37
2021-07-02;77.51;75.37
2021-06-11;72.05;71.0
2021-05-26;68.93;66.41
2021-05-21;66.72;63.61
2021-05-20;65.18;61.95
2021-05-14;69.24;65.32
2021-05-11;68.83;65.31
2021-05-07;68.73;64.96
2021-04-29;68.26;65.0
2021-04-22;65.07;61.45
2021-04-08;62.09;59.61
2021-04-01;63.85;61.41
2021-03-29;64.06;61.49
2021-03-26;63.77;60.93
2021-03-23;59.96;57.75
2021-03-17;67.73;64.55
2021-03-12;68.87;65.59
2021-03-08;68.0;65.03
2021-03-01;64.56;60.54
2021-02-23;65.16;61.66
2021-02-16;63.96;60.07
2021-02-05;59.48;56.8
2021-02-02;57.62;54.77
2021-01-28;54.87;52.26
2021-01-14;55.76;53.47
2021-01-12;55.98;53.08
2021-01-08;55.51;52.14
2021-01-06;53.8;50.45
2021-01-04;50.37;47.47
2020-12-28;50.88;47.5
2020-12-21;50.61;47.79
2020-12-17;51.2;48.34
2020-12-16;50.83;47.86
2020-12-09;48.81;45.48
2020-12-07;48.63;45.72
2020-11-17;42.54;41.24
2020-11-16;42.71;41.14
2020-10-27;39.72;39.34
2020-10-21;40.09;39.88
2020-10-07;40.62;39.82
2020-09-28;41.59;40.47
2020-09-04;41.1;39.69
2020-09-03;42.72;41.39
2020-09-01;45.72;42.76
2020-08-31;;42.61
2020-08-27;44.84;42.88
2020-08-24;44.43;42.44
2020-08-19;45.21;42.91
2020-08-14;44.86;42.05
2020-08-11;43.68;41.53
2020-08-06;45.04;41.93
2020-07-30;42.98;39.85
2020-07-22;43.98;41.88
2020-07-15;43.96;41.2
2020-07-14;42.97;40.3
2020-07-13;42.85;40.06
2020-07-03;42.92;40.57
2020-06-30;41.64;39.27
2020-06-26;40.97;38.53
2020-06-23;42.72;40.4
2020-06-22;43.2;40.6
2020-06-05;41.0;39.49
2020-05-21;34.78;34.3
2020-05-08;;24.73
2020-05-04;20.4;20.47
2020-04-30;18.11;19.23
2020-04-23;15.06;15.06
2020-04-17;19.75;18.31
2020-04-15;19.8;19.96
2020-04-13;20.23;22.36
2020-04-01;14.97;20.28
2020-03-31;14.85;20.51
2020-03-26;23.55;16.6
2020-03-09;35.33;31.05
2020-03-06;45.6;41.14
2020-03-04;51.86;46.78
2020-03-03;52.24;47.27
2020-03-02;52.52;46.78
2020-02-26;54.96;48.67
2020-02-21;58.6;53.36
2020-02-13;56.34;51.41
2020-01-31;57.77;51.58
2020-01-22;62.11;56.76
2020-01-16;64.63;58.52
2020-01-07;68.74;62.7
2020-01-01;67.77;61.14
2019-12-27;68.91;61.76
2019-12-26;69.26;61.72
2019-12-24;69.26;61.17
2019-12-19;69.7;61.3
2019-12-18;69.12;60.93
2019-12-11;65.37;58.74
2019-12-02;63.2;55.97
2019-11-20;63.8;56.71
2019-11-15;63.32;57.54
2019-11-13;62.27;56.88
2019-11-12;62.19;56.67
2019-10-31;59.3;54.02
2019-10-28;60.39;55.6
2019-10-11;60.59;54.76
2019-10-09;59.7;52.63
2019-10-08;58.14;52.64
2019-09-18;64.29;58.19
2019-09-11;63.02;55.66
2019-08-28;60.42;55.76
2019-08-06;58.63;53.6
2019-07-22;61.96;55.87
2019-07-16;65.87;57.44
2019-07-11;67.64;59.93
2019-06-25;66.24;57.63
2019-06-21;65.99;57.35
2019-06-20;65.44;56.88
2019-06-14;63.13;52.47
2019-06-04;63.56;53.5
2019-05-30;69.55;56.47
2019-05-22;71.94;61.42
2019-05-16;74.7;62.93
2019-05-14;72.53;61.82
2019-04-29;71.22;63.39
2019-04-18;70.71;64.02
2019-04-16;70.74;64.01
2019-04-11;71.3;63.61
2019-04-03;69.21;62.46
2019-04-02;69.68;62.53
2019-03-27;67.35;59.39
2019-03-26;67.51;59.87
2019-03-18;66.65;59.09
2019-03-13;65.89;58.27
2019-03-08;65.66;55.77
2019-03-04;64.44;56.6
2019-02-25;64.02;55.32
2019-02-19;65.86;56.12
2019-02-12;62.58;53.14
2019-02-01;61.86;55.29
2019-01-31;62.46;53.84
2019-01-28;59.71;51.79
2019-01-21;62.18;51.83
2019-01-11;59.24;51.44
2018-12-07;61.71;52.76
2018-12-05;61.4;52.64
2018-11-16;65.29;56.49
2018-11-14;64.88;56.16
2018-11-09;69.01;60.19
2018-10-30;75.68;66.18
2018-10-24;77.34;66.56
2018-10-16;80.53;71.93
2018-09-21;78.9;70.8
2018-09-19;79.43;71.08
2018-09-17;78.22;68.86
2018-09-12;80.02;70.37
2018-08-30;77.05;70.25
2018-08-29;76.07;69.68
2018-08-16;69.21;65.44
2018-08-02;72.95;68.95
2018-07-26;74.51;71.59
2018-07-23;73.45;67.9
2018-07-17;70.87;68.03
2018-07-16;71.03;68.22
2018-07-06;74.98;73.78
2018-06-29;77.44;74.13
2018-06-22;73.67;69.02
2018-06-21;72.87;65.68
2018-06-20;74.25;65.92
2018-06-06;73.23;64.75
2018-05-21;78.34;72.26
2018-05-17;80.09;71.47
2018-04-19;74.85;68.3
2018-04-09;68.19;63.4
2018-04-05;66.54;63.53
2018-04-02;69.02;63.05
2018-03-26;68.81;65.49
2018-03-21;68.15;65.1
2018-03-16;64.68;62.29
2018-03-12;64.53;61.35
2018-03-06;65.67;62.54
2018-03-02;64.26;61.19
2018-02-27;67.59;62.94
2018-02-21;64.81;61.73
2018-01-29;68.41;65.71
2018-01-26;70.08;66.27
2018-01-23;69.81;64.45
2018-01-19;68.56;63.38
2018-01-18;69.48;63.96
2018-01-12;69.64;64.22
2018-01-10;69.79;63.6
2018-01-04;68.73;61.98
2017-12-29;66.73;60.46
2017-12-27;66.03;59.67
2017-12-26;;59.55
2017-12-18;64.45;57.17
2017-12-15;63.81;57.29
2017-12-08;63.86;57.15
2017-12-06;62.25;55.79
2017-11-28;63.56;57.96
2017-11-21;62.28;56.84
2017-11-08;63.96;56.82
2017-11-01;60.98;54.32
2017-10-25;58.45;51.97
2017-10-18;58.05;52.05
2017-10-05;57.09;50.79
2017-09-28;58.8;51.62
2017-09-19;56.58;49.54
2017-09-12;55.06;48.21
2017-09-06;54.48;49.13
2017-08-22;52.29;47.65
2017-08-09;52.16;49.59
2017-07-26;50.08;48.58
2017-07-12;46.73;45.48
2017-07-11;46.68;45.06
2017-07-05;47.58;45.11
2017-06-29;47.02;44.88
2017-06-26;44.09;43.24
2017-06-19;45.93;44.24
2017-06-15;45.61;44.47
2017-05-25;52.25;48.57
2017-05-10;48.09;47.28
2017-04-25;49.37;49.22
2017-04-24;49.45;48.9
2017-03-28;50.72;48.36
2017-03-24;49.97;47.3
2017-03-22;49.56;47.29
2017-03-21;50.14;47.02
2017-03-09;50.65;48.75
2017-02-14;54.96;53.21
2017-02-10;55.2;53.84
2017-02-03;55.92;53.81
2017-01-27;54.8;53.18
2017-01-23;54.8;52.77
2017-01-19;53.18;51.39
2017-01-12;54.51;53.01
2017-01-05;54.99;53.77
2017-01-04;54.57;53.26
2016-12-29;54.95;53.8
2016-12-12;53.99;52.74
2016-12-01;52.28;51.08
2016-11-28;46.64;45.66
2016-11-25;46.32;46.72
2016-11-21;45.96;47.48
2016-11-14;41.83;43.29
2016-11-11;41.61;43.39
2016-11-10;43.67;44.62
2016-11-01;;46.66
2016-10-27;49.13;49.71
2016-10-13;49.29;50.47
2016-09-23;46.71;44.36
2016-09-15;45.83;43.85
2016-09-13;46.48;44.91
2016-09-07;47.0;45.47
2016-08-31;47.94;44.68
2016-08-26;49.66;47.64
2016-08-18;49.46;48.2
2016-08-17;48.58;46.81
2016-08-03;40.45;40.8
2016-07-29;40.76;41.54
2016-07-11;44.04;44.73
2016-07-05;45.64;46.73
2016-06-28;46.29;47.93
2016-06-24;46.69;46.7
2016-06-15;47.47;47.92
2016-06-10;49.7;49.09
2016-06-08;50.73;51.23
2016-05-31;49.26;49.1
2016-05-26;49.52;49.0
2016-05-17;48.71;48.29
2016-05-12;46.43;46.64
2016-05-06;44.6;44.58
2016-04-29;45.64;45.98
2016-04-19;43.02;40.88
2016-04-18;41.64;39.74
2016-04-11;41.58;40.46
2016-04-08;40.71;39.74
2016-04-04;36.05;34.3
2016-03-31;36.75;36.94
2016-03-15;37.49;36.32
2016-03-11;39.41;38.51
2016-03-03;35.75;34.56
2016-03-01;35.73;34.39
2016-02-26;35.76;31.65
2016-02-25;32.83;31.4
2016-02-16;31.09;29.05
2016-02-12;31.8;29.32
2016-02-09;30.15;27.96
2016-02-02;30.98;29.9
2016-01-22;30.46;32.07
2016-01-15;28.8;29.45
2015-12-30;35.65;36.59
2015-12-22;35.26;36.12
2015-12-14;36.51;36.31
2015-12-01;42.97;40.58
2015-11-27;43.07;40.57
2015-11-25;43.56;41.22
2015-11-20;42.49;39.39
2015-11-19;42.22;40.55
2015-11-13;41.98;40.69
2015-10-29;48.04;46.02
2015-08-20;45.63;41.0
2015-08-14;47.79;42.45
2015-08-04;49.08;45.75
2015-07-24;54.29;47.98
2015-07-20;56.42;50.11
2015-07-07;54.72;52.33
2015-06-04;60.34;58.0
2015-05-13;66.33;60.5
2015-05-12;65.09;60.72
2015-05-07;64.93;58.99
2015-04-30;63.9;59.62
2015-04-29;63.97;58.55
2021-09-06;72.43;
2021-02-15;63.58;
2020-05-25;33.8;
2019-07-05;64.23;
2018-11-22;61.11;
2018-09-03;77.81;
2017-05-29;52.25;
2017-02-20;55.25;
2016-11-24;47.54;
2017-11-20;61.34;56.21
2017-11-09;64.49;57.16
2017-10-27;60.15;53.92
2017-10-26;58.75;52.41
2017-10-10;56.62;50.93
2017-09-29;57.02;51.67
2017-09-08;54.55;47.44
2017-08-24;51.73;47.24
2017-08-15;49.9;47.57
2017-08-03;52.88;49.03
2017-07-21;47.47;45.78
2017-06-30;47.08;46.02
2017-06-23;44.14;42.86
2017-06-20;43.98;43.34
2017-06-09;46.64;45.82
2017-05-24;53.29;50.99
2017-05-08;46.61;46.46
2021-11-11;83.4;81.47
2021-10-29;83.1;83.5
2021-10-28;83.4;82.78
2021-10-26;85.11;85.64
2021-10-25;84.85;84.64
2021-10-22;85.43;84.53
2021-09-28;78.3;75.44
2021-09-24;77.42;74.18
2021-09-23;76.44;73.43
2021-09-15;74.84;72.59
2021-09-13;72.97;70.54
2021-09-09;71.32;68.26
2021-09-08;72.36;69.36
2021-09-07;71.52;68.49
2021-08-30;;69.28
2021-08-19;66.8;63.69
2021-08-09;69.65;66.56
2021-07-26;74.79;72.15
2021-07-23;74.86;72.24
2021-07-19;69.33;66.45
2021-07-15;74.53;71.67
2021-06-29;75.38;73.14
2021-06-28;74.78;72.98
2021-06-21;74.49;73.64
2021-06-18;73.1;71.64
2021-06-17;72.92;71.06
2021-06-15;73.38;72.06
2021-06-10;71.65;70.34
2021-06-08;71.39;70.11
2021-06-03;70.71;68.81
2021-05-19;66.88;63.28
2021-05-17;69.62;66.24
2021-05-12;69.62;65.96
2021-05-10;68.61;64.92
2021-05-04;68.91;65.72
2021-04-28;67.08;63.81
2021-04-15;66.13;63.42
2021-04-05;63.85;58.73
2021-03-16;67.95;64.82
2021-03-15;68.78;65.36
2021-03-10;67.53;64.45
2021-02-26;65.86;61.55
2021-02-24;66.85;63.21
2021-02-22;64.73;61.67
2021-02-19;62.84;59.12
2021-02-08;60.17;57.95
2021-02-03;58.61;55.67
2021-02-01;56.42;53.55
2021-01-26;55.26;52.61
2021-01-22;55.22;52.28
2021-01-15;54.8;52.25
2021-01-07;53.7;50.63
2020-12-31;51.22;48.35
2020-12-24;50.88;48.18
2020-12-18;52.17;49.04
2020-12-14;50.27;47.02
2020-12-11;50.01;46.59
2020-12-01;47.03;44.54
2020-11-30;46.84;45.2
2020-11-19;43.09;41.57
2020-10-28;37.86;37.27
2020-10-16;41.34;40.7
2020-10-15;41.61;40.84
2020-10-13;41.34;40.03
2020-08-26;45.79;43.21
2020-08-18;45.34;42.89
2020-08-13;44.87;42.26
2020-08-12;45.09;42.6
2020-08-10;44.19;41.94
2020-07-17;43.53;40.55
2020-07-10;43.27;40.56
2020-07-09;42.35;39.64
2020-07-01;42.18;39.88
2020-06-04;38.41;37.42
2020-06-02;37.72;36.88
2020-05-28;33.98;33.67
2020-05-19;33.06;32.3
2020-05-12;26.67;25.76
2020-04-16;18.69;19.82
2020-04-07;22.1;23.54
2020-04-06;22.58;26.21
2020-03-30;19.19;14.1
2020-03-25;25.62;20.75
2020-03-16;27.98;28.96
2020-03-12;31.02;31.56
2020-03-11;34.45;33.13
2020-03-05;51.29;45.9
2020-02-19;59.72;53.31
2020-02-18;57.35;52.1
2020-02-11;54.0;50.0
2020-02-06;55.18;50.94
2020-02-05;55.36;50.87
2020-02-03;54.0;50.06
2020-01-24;59.34;54.09
2020-01-23;61.26;55.51
2020-01-17;64.05;58.55
2020-01-09;66.58;59.56
2020-01-02;67.05;61.17
2019-12-25;69.26;61.17
2019-12-16;68.04;60.21
2019-12-13;67.44;60.11
2019-12-04;65.25;58.46
2019-11-25;64.67;57.79
2019-11-18;62.82;56.82
2019-11-14;62.46;56.57
2019-11-06;62.11;56.15
2019-10-29;61.05;55.34
2019-09-30;60.99;54.09
2019-09-25;62.41;56.38
2019-09-19;64.25;58.19
2019-09-16;68.42;63.1
2019-09-13;61.25;54.76
2019-09-09;63.99;57.88
2019-08-30;61.04;55.07
2019-08-27;58.44;54.99
2019-08-16;59.0;54.83
2019-08-14;57.86;55.16
2019-08-09;57.37;54.41
2019-08-07;55.03;51.14
2019-08-01;62.9;53.64
2019-07-29;62.29;56.85
2019-07-25;63.47;55.88
2019-07-23;62.28;56.58
2019-06-28;67.52;58.2
2019-06-18;63.35;53.86
2019-06-13;63.28;52.38
2019-06-10;64.31;53.33
2019-06-06;62.77;52.59
2019-05-29;70.64;58.84
2019-05-27;67.98;58.4
2019-05-24;67.98;58.4
2019-05-23;68.37;57.65
2019-05-15;73.09;62.03
2019-05-06;71.95;62.3
2019-05-03;71.95;61.98
2019-05-01;72.01;63.55
2019-04-25;74.94;65.23
2019-04-23;74.39;66.24
2019-04-22;70.71;65.66
2019-04-17;71.14;63.74
2019-04-09;71.02;64.05
2019-04-08;71.12;64.37
2019-03-20;68.35;60.12
2019-03-01;63.71;55.76
2019-02-20;66.82;56.9
2019-01-29;60.98;53.07
2019-01-24;61.09;52.94
2019-01-22;60.9;52.59
2019-01-18;62.04;53.6
2019-01-16;59.81;52.08
2019-01-04;55.64;47.76
2019-01-03;53.23;46.92
2018-12-27;51.49;44.48
2018-12-21;51.93;45.38
2018-12-17;57.59;49.8
2018-12-13;59.03;52.69
2018-12-11;59.73;51.65
2018-12-06;57.83;51.54
2018-12-03;60.17;52.98
2018-11-29;58.29;51.46
2018-11-21;61.65;54.41
2018-11-12;69.81;59.85
2018-11-08;69.29;60.71
2018-11-05;72.68;63.12
2018-10-31;74.84;65.31
2018-10-25;77.3;67.25
2018-10-12;80.71;71.41
2018-10-11;81.35;70.97
2018-10-09;85.16;74.95
2018-10-04;86.07;74.44
2018-10-01;84.94;75.37
2018-09-24;80.89;73.23
2018-09-14;77.87;68.98
2018-09-05;76.68;68.69
2018-08-27;74.41;69.97
2018-08-20;71.11;66.5
2018-08-15;68.38;65.07
2018-08-10;71.0;67.61
2018-08-09;70.55;66.81
2018-08-08;70.71;66.92
2018-08-01;72.28;68.8
2018-07-18;70.52;68.78
2018-07-10;77.8;74.11
2018-07-05;77.09;73.05
2018-06-27;76.09;77.41
2018-06-26;73.58;75.23
2018-06-08;75.11;65.77
2018-05-25;76.6;67.92
2018-05-22;80.42;72.09
2018-05-16;78.19;71.43
2018-04-23;74.54;67.61
2018-04-13;73.18;67.35
2018-04-04;66.04;63.35
2018-03-29;69.02;64.87
2018-03-22;68.98;64.25
2018-03-07;65.09;61.09
2018-02-26;67.96;63.81
2018-02-22;66.12;62.72
2018-02-07;65.74;61.91
2018-02-02;67.45;65.5
2018-01-25;71.08;65.62
2018-01-24;69.91;65.69
2018-01-17;69.19;63.92
2018-01-09;69.08;62.92
2018-01-03;67.85;61.61
2017-12-20;64.43;58.09
2017-12-19;63.69;57.49
2017-12-13;63.66;56.59
2017-11-24;63.58;58.94
2017-11-03;61.42;55.63
2017-10-24;57.84;52.32
2017-10-12;56.13;50.61
2017-10-09;55.29;49.58
2017-09-11;54.2;48.06
2017-08-25;51.87;47.65
2017-08-16;50.39;46.8
2017-08-11;51.47;48.81
2017-07-25;49.19;47.77
2017-07-18;47.92;46.4
2017-07-07;46.47;44.25
2017-06-28;46.45;44.74
2017-06-21;44.62;42.48
2017-05-04;47.53;45.55
2017-05-02;49.31;47.65
2017-04-21;49.93;49.64
2017-04-18;52.6;52.46
2017-04-17;54.79;52.62
2017-04-13;55.05;53.19
2017-04-07;54.24;52.25
2017-04-03;52.04;50.25
2017-03-23;50.17;47.0
2017-03-20;50.67;47.79
2017-03-01;55.72;53.82
2017-02-24;54.69;53.99
2017-02-23;55.82;54.48
2017-02-22;54.9;53.61
2017-02-21;56.34;54.02
2017-02-16;54.16;53.41
2017-02-09;53.98;52.99
2017-02-08;54.42;52.37
2017-01-31;55.25;52.75
2017-01-26;55.89;53.24
2017-01-25;54.34;52.14
2017-01-20;55.04;52.33
2016-12-19;53.53;52.13
2016-12-16;54.15;51.93
2016-12-13;53.28;52.99
2016-12-09;52.19;51.51
2016-11-30;47.95;49.41
2016-11-18;44.41;45.69
2016-11-15;44.15;45.86
2016-11-08;43.47;44.96
2016-11-07;42.83;44.88
2016-11-03;43.84;44.66
2016-10-28;47.78;48.72
2016-10-26;48.98;48.75
2016-10-25;49.08;49.45
2016-10-24;49.8;50.18
2016-10-18;49.81;50.3
2016-10-17;49.31;49.97
2016-10-12;49.53;50.14
2016-10-11;50.48;50.72
2016-10-10;51.54;49.76
2016-10-07;50.49;49.76
2016-10-04;48.81;48.67
2016-10-03;48.61;48.8
2016-09-30;48.24;47.72
2016-09-28;45.49;47.07
2016-09-26;46.61;45.6
2016-09-16;45.26;43.04
2016-08-24;47.56;46.29
2016-08-12;45.12;44.47
2016-08-10;42.19;41.75
2016-08-04;41.33;41.92
2016-08-02;40.0;39.5
2016-08-01;40.17;40.05
2016-07-21;44.99;43.96
2016-07-19;45.7;44.64
2016-07-13;44.67;44.87
2016-06-22;48.43;49.16
2016-06-20;48.68;49.4
2016-06-16;45.66;46.14
2016-06-13;49.36;48.89
2016-06-07;49.76;50.37
2016-05-27;49.09;49.36
2016-05-19;47.01;48.16
2016-05-16;48.49;47.72
2016-05-10;44.01;44.68
2016-05-09;42.43;43.45
2016-04-01;36.42;35.36
2016-03-30;36.75;36.91
2016-03-18;39.26;39.47
2016-02-11;28.82;26.19
2016-02-10;29.64;27.54
2016-01-27;31.83;32.32
2016-01-26;30.94;29.54
2016-01-14;28.84;31.22
2016-01-08;31.67;33.2
2016-01-07;33.57;33.29
2016-01-01;36.61;37.13
2015-12-24;37.22;37.62
2015-12-15;37.66;37.32
2015-12-11;36.99;35.65
2015-12-08;39.44;37.46
2015-12-03;42.0;41.08
2015-11-11;44.98;42.95
2015-10-28;47.6;45.93
2015-10-13;48.94;46.7
2015-10-12;50.95;47.09
2015-10-08;52.13;49.46
2015-10-07;51.66;47.86
2015-09-29;47.58;45.24
2015-09-24;47.06;44.94
2015-08-31;47.97;49.2
2015-08-03;49.49;45.25
2015-07-23;55.76;48.11
2015-07-16;57.31;50.9
2015-07-13;57.63;52.19
2015-07-06;57.19;52.48
2015-07-02;61.73;56.93
2015-07-01;61.65;56.94
2015-06-29;59.03;58.34
2015-06-25;60.24;59.59
2015-06-22;60.54;60.01
2015-06-18;61.37;60.41
2015-06-02;63.14;61.3
2015-06-01;62.87;60.24
2015-05-22;64.7;58.88
2015-05-15;64.69;59.73
2015-05-08;63.82;59.41
2015-05-06;66.22;60.93
2015-05-05;65.44;60.38
2015-05-04;64.62;58.92
2015-04-16;60.13;56.69
2015-04-15;59.32;56.25
2021-01-18;54.21;
2019-07-04;63.62;
2018-07-04;76.99;
2017-09-04;52.6;
2016-01-18;27.36;
2015-09-07;46.42;
